,Go-back N_k,Go-back N_times,GBN_k,GBN_times
0,1.0,0.10865843296051025,1.0,0.11392748355865479
1,0.8968531468531469,0.36419665813446045,0.9318181818181819,0.26266181468963623
2,0.7904595404595405,0.6701172590255737,0.7997835497835497,0.668677031993866
